sample_name,data_type,drug_treatment,gene,chromosome,genome,flow_cell,barcode,bigwig_positive,bigwig_negative
reporter_dps_pino_rpb3_chipnexus,chipnexus,None,pino,uas_dps_pino,dm3_plasmid_uas_dps_pino,HJLF5AFXX,ATCACG,/data/bigwig/reporter_dps_pino_rpb3_chipnexus_normalized_positive.bw,/data/bigwig/reporter_dps_pino_rpb3_chipnexus_normalized_negative.bw
reporter_dps_cg12730_rpb3_chipnexus,chipnexus,None,cg12730,uas_dps_cg12730,dm3_plasmid_uas_dps_cg12730,HJLF5AFXX,TTAGGC,/data/bigwig/reporter_dps_cg12730_rpb3_chipnexus_normalized_positive.bw,/data/bigwig/reporter_dps_cg12730_rpb3_chipnexus_normalized_negative.bw
reporter_scp_rpb3_chipnexus,chipnexus,None,scp,uas_scp,dm3_plasmid_uas_scp,HJLF5AFXX,CTTGTA,/data/bigwig/reporter_scp_rpb3_chipnexus_normalized_positive.bw,/data/bigwig/reporter_scp_rpb3_chipnexus_normalized_negative.bw
reporter_dps_act5c_rpb3_chipnexus,chipnexus,None,act5c,uas_dps_act5c,dm3_plasmid_uas_dps_act5c,HJTM5AFXX,CGATGT,/data/bigwig/reporter_dps_act5c_rpb3_chipnexus_normalized_positive.bw,/data/bigwig/reporter_dps_act5c_rpb3_chipnexus_normalized_negative.bw
reporter_dps_pepck_rpb3_chipnexus,chipnexus,None,pepck,uas_dps_pepck,dm3_plasmid_uas_dps_pepck,HJTM5AFXX,TGACCA,/data/bigwig/reporter_dps_pepck_rpb3_chipnexus_normalized_positive.bw,/data/bigwig/reporter_dps_pepck_rpb3_chipnexus_normalized_negative.bw
reporter_dps_pxb_rpb3_chipnexus,chipnexus,None,pxb,uas_dps_pxb,dm3_plasmid_uas_dps_pxb,HCKK2AFXX,GATCAG,/data/bigwig/reporter_dps_pxb_rpb3_chipnexus_normalized_positive.bw,/data/bigwig/reporter_dps_pxb_rpb3_chipnexus_normalized_negative.bw
reporter_dps_comm2_rpb3_chipnexus,chipnexus,None,comm2,uas_dps_comm2,dm3_plasmid_uas_dps_comm2,HJTM5AFXX,ACTTGA,/data/bigwig/reporter_dps_comm2_rpb3_chipnexus_normalized_positive.bw,/data/bigwig/reporter_dps_comm2_rpb3_chipnexus_normalized_negative.bw
reporter_dps_dve_rpb3_chipnexus,chipnexus,None,dve,uas_dps_dve,dm3_plasmid_uas_dps_dve,HJLF5AFXX,CGATGT,/data/bigwig/reporter_dps_dve_rpb3_chipnexus_normalized_positive.bw,/data/bigwig/reporter_dps_dve_rpb3_chipnexus_normalized_negative.bw
reporter_dps_pk_rpb3_chipnexus,chipnexus,None,pk,uas_dps_pk,dm3_plasmid_uas_dps_pk,HJTM5AFXX,GCCAAT,/data/bigwig/reporter_dps_pk_rpb3_chipnexus_normalized_positive.bw,/data/bigwig/reporter_dps_pk_rpb3_chipnexus_normalized_negative.bw
reporter_dmso_1h_dps_comm2_rpb3_chipnexus,chipnexus,dmso,comm2,uas_dps_comm2,dm3_plasmid_uas_dps_comm2,HN55FAFXX,TTAGGC,/data/bigwig/reporter_dmso_1h_dps_comm2_rpb3_chipnexus_normalized_positive.bw,/data/bigwig/reporter_dmso_1h_dps_comm2_rpb3_chipnexus_normalized_negative.bw
reporter_triptolide_1h_dps_comm2_rpb3_chipnexus,chipnexus,triptolide,comm2,uas_dps_comm2,dm3_plasmid_uas_dps_comm2,HN55FAFXX,CGATGT,/data/bigwig/reporter_triptolide_1h_dps_comm2_rpb3_chipnexus_normalized_positive.bw,/data/bigwig/reporter_triptolide_1h_dps_comm2_rpb3_chipnexus_normalized_negative.bw
reporter_dmso_1h_dps_pk_rpb3_chipnexus,chipnexus,dmso,pk,uas_dps_pk,dm3_plasmid_uas_dps_pk,HJGKCAFXX,ATCACG,/data/bigwig/reporter_dmso_1h_dps_pk_rpb3_chipnexus_normalized_positive.bw,/data/bigwig/reporter_dmso_1h_dps_pk_rpb3_chipnexus_normalized_negative.bw
reporter_triptolide_1h_dps_pk_rpb3_chipnexus,chipnexus,triptolide,pk,uas_dps_pk,dm3_plasmid_uas_dps_pk,HJGKCAFXX,ACTTGA,/data/bigwig/reporter_triptolide_1h_dps_pk_rpb3_chipnexus_normalized_positive.bw,/data/bigwig/reporter_triptolide_1h_dps_pk_rpb3_chipnexus_normalized_negative.bw
genome_dps_dmso_1h_rpb3_chipnexus,chipnexus,dmso,endogeneous,dp3,dp3,C7URRANXX,GGCTAC,/data/bigwig/genome_dps_dmso_1h_rpb3_chipnexus_normalized_positive.bw,/data/bigwig/genome_dps_dmso_1h_rpb3_chipnexus_normalized_negative.bw
genome_dps_triptolide_1h_rpb3_chipnexus,chipnexus,triptolide,endogeneous,dp3,dp3,C7URRANXX,CTTGTA,/data/bigwig/genome_dps_triptolide_1h_rpb3_chipnexus_normalized_positive.bw,/data/bigwig/genome_dps_triptolide_1h_rpb3_chipnexus_normalized_negative.bw
reporter_dps_act5c_rna_5_sequencing,rna_5_sequencing,None,act5c,uas_dps_act5c,dm3_plasmid_uas_dps_act5c,HJTTMBGX2,CGATGT,/data/bigwig/reporter_dps_act5c_rna_5_sequencing_normalized_positive.bw,/data/bigwig/reporter_dps_act5c_rna_5_sequencing_normalized_negative.bw
reporter_dps_comm2_rna_5_sequencing,rna_5_sequencing,None,comm2,uas_dps_comm2,dm3_plasmid_uas_dps_comm2,HJTTMBGX2,GCCAAT,/data/bigwig/reporter_dps_comm2_rna_5_sequencing_normalized_positive.bw,/data/bigwig/reporter_dps_comm2_rna_5_sequencing_normalized_negative.bw
reporter_dps_pk_rna_5_sequencing,rna_5_sequencing,None,pk,uas_dps_pk,dm3_plasmid_uas_dps_pk,HJTTMBGX2,ACAGTG,/data/bigwig/reporter_dps_pk_rna_5_sequencing_normalized_positive.bw,/data/bigwig/reporter_dps_pk_rna_5_sequencing_normalized_negative.bw
reporter_dps_pxb_rna_5_sequencing,rna_5_sequencing,None,pxb,uas_dps_pxb,dm3_plasmid_uas_dps_pxb,HJTTMBGX2,TGACCA,/data/bigwig/reporter_dps_pxb_rna_5_sequencing_normalized_positive.bw,/data/bigwig/reporter_dps_pxb_rna_5_sequencing_normalized_negative.bw
reporter_dps_dve_rna_5_sequencing,rna_5_sequencing,None,dve,uas_dps_dve,dm3_plasmid_uas_dps_dve,HKWLYAFXX,TTAGGC,/data/bigwig/reporter_dps_dve_rna_5_sequencing_normalized_positive.bw,/data/bigwig/reporter_dps_dve_rna_5_sequencing_normalized_negative.bw
reporter_dps_pino_rna_5_sequencing,rna_5_sequencing,None,pino,uas_dps_pino,dm3_plasmid_uas_dps_pino,HKWLYAFXX,CGATGT,/data/bigwig/reporter_dps_pino_rna_5_sequencing_normalized_positive.bw,/data/bigwig/reporter_dps_pino_rna_5_sequencing_normalized_negative.bw
reporter_dps_pepck_rna_5_sequencing,rna_5_sequencing,None,pepck,uas_dps_pepck,dm3_plasmid_uas_dps_pepck,HJTTMBGX2,TTAGGC,/data/bigwig/reporter_dps_pepck_rna_5_sequencing_normalized_positive.bw,/data/bigwig/reporter_dps_pepck_rna_5_sequencing_normalized_negative.bw
reporter_dps_cg12730_rna_5_sequencing,rna_5_sequencing,None,cg12730,uas_dps_cg12730,dm3_plasmid_uas_dps_cg12730,HKWLYAFXX,TGACCA,/data/bigwig/reporter_dps_cg12730_rna_5_sequencing_normalized_positive.bw,/data/bigwig/reporter_dps_cg12730_rna_5_sequencing_normalized_negative.bw
reporter_scp_rna_5_sequencing,rna_5_sequencing,None,scp,uas_scp,dm3_plasmid_uas_scp,HKWLYAFXX,CAGATC,/data/bigwig/reporter_scp_rna_5_sequencing_normalized_positive.bw,/data/bigwig/reporter_scp_rna_5_sequencing_normalized_negative.bw
reporter_dmso_5m_dps_act5c_rpb3_chipnexus_rep1,chipnexus,dmso,act5c,uas_dps_act5c,dm3_plasmid_uas_dps_act5c,HGWFTBGX3,TGACCA,/data/bigwig/reporter_dmso_5m_dps_act5c_rpb3_chipnexus_rep1_normalized_positive.bw,/data/bigwig/reporter_dmso_5m_dps_act5c_rpb3_chipnexus_rep1_normalized_negative.bw
reporter_triptolide_5m_dps_act5c_rpb3_chipnexus_rep1,chipnexus,triptolide,act5c,uas_dps_act5c,dm3_plasmid_uas_dps_act5c,HGWFTBGX3,TAGCTT,/data/bigwig/reporter_triptolide_5m_dps_act5c_rpb3_chipnexus_rep1_normalized_positive.bw,/data/bigwig/reporter_triptolide_5m_dps_act5c_rpb3_chipnexus_rep1_normalized_negative.bw
reporter_dmso_5m_dps_act5c_pk_downstream_rpb3_chipnexus_rep1,chipnexus,dmso,act5c_pk_downstream,uas_dps_act5c_pk_downstream_fusion,dm3_plasmid_uas_dps_act5c_pk_downstream_fusion,HGWFTBGX3,ACAGTG,/data/bigwig/reporter_dmso_5m_dps_act5c_pk_downstream_rpb3_chipnexus_rep1_normalized_positive.bw,/data/bigwig/reporter_dmso_5m_dps_act5c_pk_downstream_rpb3_chipnexus_rep1_normalized_negative.bw
reporter_triptolide_5m_dps_act5c_pk_downstream_rpb3_chipnexus_rep1,chipnexus,triptolide,act5c_pk_downstream,uas_dps_act5c_pk_downstream_fusion,dm3_plasmid_uas_dps_act5c_pk_downstream_fusion,HGWFTBGX3,GGCTAC,/data/bigwig/reporter_triptolide_5m_dps_act5c_pk_downstream_rpb3_chipnexus_rep1_normalized_positive.bw,/data/bigwig/reporter_triptolide_5m_dps_act5c_pk_downstream_rpb3_chipnexus_rep1_normalized_negative.bw
reporter_dmso_5m_dps_act5c_rpb3_chipnexus_rep2,chipnexus,dmso,act5c,uas_dps_act5c,dm3_plasmid_uas_dps_act5c,H5C52AFXY,AGTCAA,/data/bigwig/reporter_dmso_5m_dps_act5c_rpb3_chipnexus_rep2_normalized_positive.bw,/data/bigwig/reporter_dmso_5m_dps_act5c_rpb3_chipnexus_rep2_normalized_negative.bw
reporter_triptolide_5m_dps_act5c_rpb3_chipnexus_rep2,chipnexus,triptolide,act5c,uas_dps_act5c,dm3_plasmid_uas_dps_act5c,H5C52AFXY,CCGTCC,/data/bigwig/reporter_triptolide_5m_dps_act5c_rpb3_chipnexus_rep2_normalized_positive.bw,/data/bigwig/reporter_triptolide_5m_dps_act5c_rpb3_chipnexus_rep2_normalized_negative.bw
reporter_dmso_5m_dps_act5c_pk_downstream_rpb3_chipnexus_rep2,chipnexus,dmso,act5c_pk_downstream,uas_dps_act5c_pk_downstream_fusion,dm3_plasmid_uas_dps_act5c_pk_downstream_fusion,H5C52AFXY,AGTTCC,/data/bigwig/reporter_dmso_5m_dps_act5c_pk_downstream_rpb3_chipnexus_rep2_normalized_positive.bw,/data/bigwig/reporter_dmso_5m_dps_act5c_pk_downstream_rpb3_chipnexus_rep2_normalized_negative.bw
reporter_triptolide_5m_dps_act5c_pk_downstream_rpb3_chipnexus_rep2,chipnexus,triptolide,act5c_pk_downstream,uas_dps_act5c_pk_downstream_fusion,dm3_plasmid_uas_dps_act5c_pk_downstream_fusion,H5C52AFXY,ATGTCA,/data/bigwig/reporter_triptolide_5m_dps_act5c_pk_downstream_rpb3_chipnexus_rep2_normalized_positive.bw,/data/bigwig/reporter_triptolide_5m_dps_act5c_pk_downstream_rpb3_chipnexus_rep2_normalized_negative.bw
reporter_dmso_1h_dps_pk_rpb3_chipnexus_rep1,chipnexus,dmso,pk,uas_dps_pk,dm3_plasmid_uas_dps_pk,HJH2MAFXX,GATCAG,/data/bigwig/reporter_dmso_1h_dps_pk_rpb3_chipnexus_rep1_normalized_positive.bw,/data/bigwig/reporter_dmso_1h_dps_pk_rpb3_chipnexus_rep1_normalized_negative.bw
reporter_triptolide_1h_dps_pk_rpb3_chipnexus_rep1,chipnexus,triptolide,pk,uas_dps_pk,dm3_plasmid_uas_dps_pk,HJH2MAFXX,CTTGTA,/data/bigwig/reporter_triptolide_1h_dps_pk_rpb3_chipnexus_rep1_normalized_positive.bw,/data/bigwig/reporter_triptolide_1h_dps_pk_rpb3_chipnexus_rep1_normalized_negative.bw
reporter_dmso_1h_dps_pk_tata_insertion_rpb3_chipnexus_rep1,chipnexus,dmso,pk,uas_dps_pk_tata_insertion_29bp,dm3_plasmid_uas_dps_pk_tata_insertion_29bp,HJH2MAFXX,TAGCTT,/data/bigwig/reporter_dmso_1h_dps_pk_tata_insertion_rpb3_chipnexus_rep1_normalized_positive.bw,/data/bigwig/reporter_dmso_1h_dps_pk_tata_insertion_rpb3_chipnexus_rep1_normalized_negative.bw
reporter_triptolide_1h_dps_pk_tata_insertion_rpb3_chipnexus_rep1,chipnexus,triptolide,pk,uas_dps_pk_tata_insertion_29bp,dm3_plasmid_uas_dps_pk_tata_insertion_29bp,HJH2MAFXX,AGTCAA,/data/bigwig/reporter_triptolide_1h_dps_pk_tata_insertion_rpb3_chipnexus_rep1_normalized_positive.bw,/data/bigwig/reporter_triptolide_1h_dps_pk_tata_insertion_rpb3_chipnexus_rep1_normalized_negative.bw
reporter_dmso_1h_dps_act5c_upstream_pk_fusion_rpb3_chipnexus_rep1,chipnexus,dmso,act5c_upstream_pk,uas_dps_act5c_upstream_pk_fusion,dm3_plasmid_uas_dps_act5c_upstream_pk_fusion,HJH2MAFXX,GGCTAC,/data/bigwig/reporter_dmso_1h_dps_act5c_upstream_pk_fusion_rpb3_chipnexus_rep1_normalized_positive.bw,/data/bigwig/reporter_dmso_1h_dps_act5c_upstream_pk_fusion_rpb3_chipnexus_rep1_normalized_negative.bw
reporter_triptolide_1h_dps_act5c_upstream_pk_fusion_rpb3_chipnexus_rep1,chipnexus,triptolide,act5c_upstream_pk,uas_dps_act5c_upstream_pk_fusion,dm3_plasmid_uas_dps_act5c_upstream_pk_fusion,HJH2MAFXX,AGTTCC,/data/bigwig/reporter_triptolide_1h_dps_act5c_upstream_pk_fusion_rpb3_chipnexus_rep1_normalized_positive.bw,/data/bigwig/reporter_triptolide_1h_dps_act5c_upstream_pk_fusion_rpb3_chipnexus_rep1_normalized_negative.bw
reporter_dmso_1h_dps_pk_rpb3_chipnexus_rep2,chipnexus,dmso,pk,uas_dps_pk,dm3_plasmid_uas_dps_pk,HJKLLAFXX,ATCACG,/data/bigwig/reporter_dmso_1h_dps_pk_rpb3_chipnexus_rep2_normalized_positive.bw,/data/bigwig/reporter_dmso_1h_dps_pk_rpb3_chipnexus_rep2_normalized_negative.bw
reporter_triptolide_1h_dps_pk_rpb3_chipnexus_rep2,chipnexus,triptolide,pk,uas_dps_pk,dm3_plasmid_uas_dps_pk,HJKLLAFXX,GCCAAT,/data/bigwig/reporter_triptolide_1h_dps_pk_rpb3_chipnexus_rep2_normalized_positive.bw,/data/bigwig/reporter_triptolide_1h_dps_pk_rpb3_chipnexus_rep2_normalized_negative.bw
reporter_dmso_1h_dps_pk_tata_insertion_rpb3_chipnexus_rep2,chipnexus,dmso,pk,uas_dps_pk_tata_insertion_29bp,dm3_plasmid_uas_dps_pk_tata_insertion_29bp,HJKLLAFXX,CGATGT,/data/bigwig/reporter_dmso_1h_dps_pk_tata_insertion_rpb3_chipnexus_rep2_normalized_positive.bw,/data/bigwig/reporter_dmso_1h_dps_pk_tata_insertion_rpb3_chipnexus_rep2_normalized_negative.bw
reporter_triptolide_1h_dps_pk_tata_insertion_rpb3_chipnexus_rep2,chipnexus,triptolide,pk,uas_dps_pk_tata_insertion_29bp,dm3_plasmid_uas_dps_pk_tata_insertion_29bp,HJKLLAFXX,CAGATC,/data/bigwig/reporter_triptolide_1h_dps_pk_tata_insertion_rpb3_chipnexus_rep2_normalized_positive.bw,/data/bigwig/reporter_triptolide_1h_dps_pk_tata_insertion_rpb3_chipnexus_rep2_normalized_negative.bw
reporter_dmso_1h_dps_act5c_upstream_pk_fusion_rpb3_chipnexus_rep2,chipnexus,dmso,act5c_upstream_pk,uas_dps_act5c_upstream_pk_fusion,dm3_plasmid_uas_dps_act5c_upstream_pk_fusion,HJKLLAFXX,TTAGGC,/data/bigwig/reporter_dmso_1h_dps_act5c_upstream_pk_fusion_rpb3_chipnexus_rep2_normalized_positive.bw,/data/bigwig/reporter_dmso_1h_dps_act5c_upstream_pk_fusion_rpb3_chipnexus_rep2_normalized_negative.bw
reporter_triptolide_1h_dps_act5c_upstream_pk_fusion_rpb3_chipnexus_rep2,chipnexus,triptolide,act5c_upstream_pk,uas_dps_act5c_upstream_pk_fusion,dm3_plasmid_uas_dps_act5c_upstream_pk_fusion,HJKLLAFXX,ACTTGA,/data/bigwig/reporter_triptolide_1h_dps_act5c_upstream_pk_fusion_rpb3_chipnexus_rep2_normalized_positive.bw,/data/bigwig/reporter_triptolide_1h_dps_act5c_upstream_pk_fusion_rpb3_chipnexus_rep2_normalized_negative.bw
reporter_dmso_1h_dps_pk_rpb3_chipnexus_rep3,chipnexus,dmso,pk,uas_dps_pk,dm3_plasmid_uas_dps_pk,HM32VAFXX,ATCACG,/data/bigwig/reporter_dmso_1h_dps_pk_rpb3_chipnexus_rep3_normalized_positive.bw,/data/bigwig/reporter_dmso_1h_dps_pk_rpb3_chipnexus_rep3_normalized_negative.bw
reporter_triptolide_1h_dps_pk_rpb3_chipnexus_rep3,chipnexus,triptolide,pk,uas_dps_pk,dm3_plasmid_uas_dps_pk,HM32VAFXX,ACTTGA,/data/bigwig/reporter_triptolide_1h_dps_pk_rpb3_chipnexus_rep3_normalized_positive.bw,/data/bigwig/reporter_triptolide_1h_dps_pk_rpb3_chipnexus_rep3_normalized_negative.bw
reporter_dmso_1h_dps_pk_tata_insertion_rpb3_chipnexus_rep3,chipnexus,dmso,pk,uas_dps_pk_tata_insertion_29bp,dm3_plasmid_uas_dps_pk_tata_insertion_29bp,HM32VAFXX,CGATGT,/data/bigwig/reporter_dmso_1h_dps_pk_tata_insertion_rpb3_chipnexus_rep3_normalized_positive.bw,/data/bigwig/reporter_dmso_1h_dps_pk_tata_insertion_rpb3_chipnexus_rep3_normalized_negative.bw
reporter_triptolide_1h_dps_pk_tata_insertion_rpb3_chipnexus_rep3,chipnexus,triptolide,pk,uas_dps_pk_tata_insertion_29bp,dm3_plasmid_uas_dps_pk_tata_insertion_29bp,HM32VAFXX,GATCAG,/data/bigwig/reporter_triptolide_1h_dps_pk_tata_insertion_rpb3_chipnexus_rep3_normalized_positive.bw,/data/bigwig/reporter_triptolide_1h_dps_pk_tata_insertion_rpb3_chipnexus_rep3_normalized_negative.bw
reporter_dmso_1h_dps_act5c_upstream_pk_fusion_rpb3_chipnexus_rep3,chipnexus,dmso,act5c_upstream_pk,uas_dps_act5c_upstream_pk_fusion,dm3_plasmid_uas_dps_act5c_upstream_pk_fusion,HM32VAFXX,TTAGGC,/data/bigwig/reporter_dmso_1h_dps_act5c_upstream_pk_fusion_rpb3_chipnexus_rep3_normalized_positive.bw,/data/bigwig/reporter_dmso_1h_dps_act5c_upstream_pk_fusion_rpb3_chipnexus_rep3_normalized_negative.bw
reporter_triptolide_1h_dps_act5c_upstream_pk_fusion_rpb3_chipnexus_rep3,chipnexus,triptolide,act5c_upstream_pk,uas_dps_act5c_upstream_pk_fusion,dm3_plasmid_uas_dps_act5c_upstream_pk_fusion,HM32VAFXX,TAGCTT,/data/bigwig/reporter_triptolide_1h_dps_act5c_upstream_pk_fusion_rpb3_chipnexus_rep3_normalized_positive.bw,/data/bigwig/reporter_triptolide_1h_dps_act5c_upstream_pk_fusion_rpb3_chipnexus_rep3_normalized_negative.bw
reporter_dmso_1h_dps_dve_rpb3_chipnexus_rep1,chipnexus,dmso,dve,uas_dps_dve,dm3_plasmid_uas_dps_dve,HVCVJAFXX,ATCACG,/data/bigwig/reporter_dmso_1h_dps_dve_rpb3_chipnexus_rep1_normalized_positive.bw,/data/bigwig/reporter_dmso_1h_dps_dve_rpb3_chipnexus_rep1_normalized_negative.bw
reporter_triptolide_1h_dps_dve_rpb3_chipnexus_rep1,chipnexus,triptolide,dve,uas_dps_dve,dm3_plasmid_uas_dps_dve,HVCVJAFXX,CAGATC,/data/bigwig/reporter_triptolide_1h_dps_dve_rpb3_chipnexus_rep1_normalized_positive.bw,/data/bigwig/reporter_triptolide_1h_dps_dve_rpb3_chipnexus_rep1_normalized_negative.bw
reporter_dmso_1h_dps_act5c_upstream_dve_fusion_rpb3_chipnexus_rep1,chipnexus,dmso,act5c_upstream_dve,uas_dps_act5c_upstream_dve_fusion,dm3_plasmid_uas_dps_act5c_upstream_dve_fusion,HVCVJAFXX,CGATGT,/data/bigwig/reporter_dmso_1h_dps_act5c_upstream_dve_fusion_rpb3_chipnexus_rep1_normalized_positive.bw,/data/bigwig/reporter_dmso_1h_dps_act5c_upstream_dve_fusion_rpb3_chipnexus_rep1_normalized_negative.bw
reporter_triptolide_1h_dps_act5c_upstream_dve_fusion_rpb3_chipnexus_rep1,chipnexus,triptolide,act5c_upstream_dve,uas_dps_act5c_upstream_dve_fusion,dm3_plasmid_uas_dps_act5c_upstream_dve_fusion,HVCVJAFXX,ACTTGA,/data/bigwig/reporter_triptolide_1h_dps_act5c_upstream_dve_fusion_rpb3_chipnexus_rep1_normalized_positive.bw,/data/bigwig/reporter_triptolide_1h_dps_act5c_upstream_dve_fusion_rpb3_chipnexus_rep1_normalized_negative.bw
reporter_dmso_1h_dps_act5c_dve_downstream_fusion_rpb3_chipnexus_rep1,chipnexus,dmso,act5c_dve_downstream,uas_dps_act5c_dve_downstream_fusion,dm3_plasmid_uas_dps_act5c_dve_downstream_fusion,HVCVJAFXX,TTAGGC,/data/bigwig/reporter_dmso_1h_dps_act5c_dve_downstream_fusion_rpb3_chipnexus_rep1_normalized_positive.bw,/data/bigwig/reporter_dmso_1h_dps_act5c_dve_downstream_fusion_rpb3_chipnexus_rep1_normalized_negative.bw
reporter_triptolide_1h_dps_act5c_dve_downstream_fusion_rpb3_chipnexus_rep1,chipnexus,triptolide,act5c_dve_downstream,uas_dps_act5c_dve_downstream_fusion,dm3_plasmid_uas_dps_act5c_dve_downstream_fusion,HVCVJAFXX,GATCAG,/data/bigwig/reporter_triptolide_1h_dps_act5c_dve_downstream_fusion_rpb3_chipnexus_rep1_normalized_positive.bw,/data/bigwig/reporter_triptolide_1h_dps_act5c_dve_downstream_fusion_rpb3_chipnexus_rep1_normalized_negative.bw
reporter_dmso_1h_dps_dve_act5c_inr_rpb3_chipnexus_rep1,chipnexus,dmso,dve,uas_dps_dve_act5c_inr_insertion,dm3_plasmid_uas_dps_dve_act5c_inr_insertion,HVCVJAFXX,TGACCA,/data/bigwig/reporter_dmso_1h_dps_dve_act5c_inr_rpb3_chipnexus_rep1_normalized_positive.bw,/data/bigwig/reporter_dmso_1h_dps_dve_act5c_inr_rpb3_chipnexus_rep1_normalized_negative.bw
reporter_triptolide_1h_dps_dve_act5c_inr_rpb3_chipnexus_rep1,chipnexus,triptolide,dve,uas_dps_dve_act5c_inr_insertion,dm3_plasmid_uas_dps_dve_act5c_inr_insertion,HVCVJAFXX,TAGCTT,/data/bigwig/reporter_triptolide_1h_dps_dve_act5c_inr_rpb3_chipnexus_rep1_normalized_positive.bw,/data/bigwig/reporter_triptolide_1h_dps_dve_act5c_inr_rpb3_chipnexus_rep1_normalized_negative.bw
reporter_dmso_1h_dps_dve_inr_g_to_t_rpb3_chipnexus_rep1,chipnexus,dmso,dve,uas_dps_dve_inr_g_to_t,dm3_plasmid_uas_dps_dve_inr_g_to_t,HVCVJAFXX,ACAGTG,/data/bigwig/reporter_dmso_1h_dps_dve_inr_g_to_t_rpb3_chipnexus_rep1_normalized_positive.bw,/data/bigwig/reporter_dmso_1h_dps_dve_inr_g_to_t_rpb3_chipnexus_rep1_normalized_negative.bw
reporter_triptolide_1h_dps_dve_inr_g_to_t_rpb3_chipnexus_rep1,chipnexus,triptolide,dve,uas_dps_dve_inr_g_to_t,dm3_plasmid_uas_dps_dve_inr_g_to_t,HVCVJAFXX,GGCTAC,/data/bigwig/reporter_triptolide_1h_dps_dve_inr_g_to_t_rpb3_chipnexus_rep1_normalized_positive.bw,/data/bigwig/reporter_triptolide_1h_dps_dve_inr_g_to_t_rpb3_chipnexus_rep1_normalized_negative.bw
reporter_dmso_1h_dps_dve_inr_g_to_a_rpb3_chipnexus_rep1,chipnexus,dmso,dve,uas_dps_dve_inr_g_to_a,dm3_plasmid_uas_dps_dve_inr_g_to_a,HVCVJAFXX,GCCAAT,/data/bigwig/reporter_dmso_1h_dps_dve_inr_g_to_a_rpb3_chipnexus_rep1_normalized_positive.bw,/data/bigwig/reporter_dmso_1h_dps_dve_inr_g_to_a_rpb3_chipnexus_rep1_normalized_negative.bw
reporter_triptolide_1h_dps_dve_inr_g_to_a_rpb3_chipnexus_rep1,chipnexus,triptolide,dve,uas_dps_dve_inr_g_to_a,dm3_plasmid_uas_dps_dve_inr_g_to_a,HVCVJAFXX,CTTGTA,/data/bigwig/reporter_triptolide_1h_dps_dve_inr_g_to_a_rpb3_chipnexus_rep1_normalized_positive.bw,/data/bigwig/reporter_triptolide_1h_dps_dve_inr_g_to_a_rpb3_chipnexus_rep1_normalized_negative.bw
reporter_dmso_1h_dps_dve_rpb3_chipnexus_rep2,chipnexus,dmso,dve,uas_dps_dve,dm3_plasmid_uas_dps_dve,HWG57AFXX,ATCACG,/data/bigwig/reporter_dmso_1h_dps_dve_rpb3_chipnexus_rep2_normalized_positive.bw,/data/bigwig/reporter_dmso_1h_dps_dve_rpb3_chipnexus_rep2_normalized_negative.bw
reporter_triptolide_1h_dps_dve_rpb3_chipnexus_rep2,chipnexus,triptolide,dve,uas_dps_dve,dm3_plasmid_uas_dps_dve,HWG57AFXX,CAGATC,/data/bigwig/reporter_triptolide_1h_dps_dve_rpb3_chipnexus_rep2_normalized_positive.bw,/data/bigwig/reporter_triptolide_1h_dps_dve_rpb3_chipnexus_rep2_normalized_negative.bw
reporter_dmso_1h_dps_act5c_upstream_dve_fusion_rpb3_chipnexus_rep2,chipnexus,dmso,act5c_upstream_dve,uas_dps_act5c_upstream_dve_fusion,dm3_plasmid_uas_dps_act5c_upstream_dve_fusion,HWG57AFXX,CGATGT,/data/bigwig/reporter_dmso_1h_dps_act5c_upstream_dve_fusion_rpb3_chipnexus_rep2_normalized_positive.bw,/data/bigwig/reporter_dmso_1h_dps_act5c_upstream_dve_fusion_rpb3_chipnexus_rep2_normalized_negative.bw
reporter_triptolide_1h_dps_act5c_upstream_dve_fusion_rpb3_chipnexus_rep2,chipnexus,triptolide,act5c_upstream_dve,uas_dps_act5c_upstream_dve_fusion,dm3_plasmid_uas_dps_act5c_upstream_dve_fusion,HWG57AFXX,ACTTGA,/data/bigwig/reporter_triptolide_1h_dps_act5c_upstream_dve_fusion_rpb3_chipnexus_rep2_normalized_positive.bw,/data/bigwig/reporter_triptolide_1h_dps_act5c_upstream_dve_fusion_rpb3_chipnexus_rep2_normalized_negative.bw
reporter_dmso_1h_dps_act5c_dve_downstream_fusion_rpb3_chipnexus_rep2,chipnexus,dmso,act5c_dve_downstream,uas_dps_act5c_dve_downstream_fusion,dm3_plasmid_uas_dps_act5c_dve_downstream_fusion,HWG57AFXX,TTAGGC,/data/bigwig/reporter_dmso_1h_dps_act5c_dve_downstream_fusion_rpb3_chipnexus_rep2_normalized_positive.bw,/data/bigwig/reporter_dmso_1h_dps_act5c_dve_downstream_fusion_rpb3_chipnexus_rep2_normalized_negative.bw
reporter_triptolide_1h_dps_act5c_dve_downstream_fusion_rpb3_chipnexus_rep2,chipnexus,triptolide,act5c_dve_downstream,uas_dps_act5c_dve_downstream_fusion,dm3_plasmid_uas_dps_act5c_dve_downstream_fusion,HWG57AFXX,GATCAG,/data/bigwig/reporter_triptolide_1h_dps_act5c_dve_downstream_fusion_rpb3_chipnexus_rep2_normalized_positive.bw,/data/bigwig/reporter_triptolide_1h_dps_act5c_dve_downstream_fusion_rpb3_chipnexus_rep2_normalized_negative.bw
reporter_dmso_1h_dps_dve_act5c_inr_rpb3_chipnexus_rep2,chipnexus,dmso,dve,uas_dps_dve_act5c_inr_insertion,dm3_plasmid_uas_dps_dve_act5c_inr_insertion,HWG57AFXX,TGACCA,/data/bigwig/reporter_dmso_1h_dps_dve_act5c_inr_rpb3_chipnexus_rep2_normalized_positive.bw,/data/bigwig/reporter_dmso_1h_dps_dve_act5c_inr_rpb3_chipnexus_rep2_normalized_negative.bw
reporter_triptolide_1h_dps_dve_act5c_inr_rpb3_chipnexus_rep2,chipnexus,triptolide,dve,uas_dps_dve_act5c_inr_insertion,dm3_plasmid_uas_dps_dve_act5c_inr_insertion,HWG57AFXX,TAGCTT,/data/bigwig/reporter_triptolide_1h_dps_dve_act5c_inr_rpb3_chipnexus_rep2_normalized_positive.bw,/data/bigwig/reporter_triptolide_1h_dps_dve_act5c_inr_rpb3_chipnexus_rep2_normalized_negative.bw
reporter_dmso_1h_dps_dve_inr_g_to_t_rpb3_chipnexus_rep2,chipnexus,dmso,dve,uas_dps_dve_inr_g_to_t,dm3_plasmid_uas_dps_dve_inr_g_to_t,HWG57AFXX,ACAGTG,/data/bigwig/reporter_dmso_1h_dps_dve_inr_g_to_t_rpb3_chipnexus_rep2_normalized_positive.bw,/data/bigwig/reporter_dmso_1h_dps_dve_inr_g_to_t_rpb3_chipnexus_rep2_normalized_negative.bw
reporter_triptolide_1h_dps_dve_inr_g_to_t_rpb3_chipnexus_rep2,chipnexus,triptolide,dve,uas_dps_dve_inr_g_to_t,dm3_plasmid_uas_dps_dve_inr_g_to_t,HWG57AFXX,GGCTAC,/data/bigwig/reporter_triptolide_1h_dps_dve_inr_g_to_t_rpb3_chipnexus_rep2_normalized_positive.bw,/data/bigwig/reporter_triptolide_1h_dps_dve_inr_g_to_t_rpb3_chipnexus_rep2_normalized_negative.bw
reporter_dmso_1h_dps_dve_inr_g_to_a_rpb3_chipnexus_rep2,chipnexus,dmso,dve,uas_dps_dve_inr_g_to_a,dm3_plasmid_uas_dps_dve_inr_g_to_a,HWG57AFXX,GCCAAT,/data/bigwig/reporter_dmso_1h_dps_dve_inr_g_to_a_rpb3_chipnexus_rep2_normalized_positive.bw,/data/bigwig/reporter_dmso_1h_dps_dve_inr_g_to_a_rpb3_chipnexus_rep2_normalized_negative.bw
reporter_triptolide_1h_dps_dve_inr_g_to_a_rpb3_chipnexus_rep2,chipnexus,triptolide,dve,uas_dps_dve_inr_g_to_a,dm3_plasmid_uas_dps_dve_inr_g_to_a,HWG57AFXX,CTTGTA,/data/bigwig/reporter_triptolide_1h_dps_dve_inr_g_to_a_rpb3_chipnexus_rep2_normalized_positive.bw,/data/bigwig/reporter_triptolide_1h_dps_dve_inr_g_to_a_rpb3_chipnexus_rep2_normalized_negative.bw
reporter_dmso_1h_dps_dve_rpb3_chipnexus_rep3,chipnexus,dmso,dve,uas_dps_dve,dm3_plasmid_uas_dps_dve,HLYYMAFXX,ATCACG,/data/bigwig/reporter_dmso_1h_dps_dve_rpb3_chipnexus_rep3_normalized_positive.bw,/data/bigwig/reporter_dmso_1h_dps_dve_rpb3_chipnexus_rep3_normalized_negative.bw
reporter_triptolide_1h_dps_dve_rpb3_chipnexus_rep3,chipnexus,triptolide,dve,uas_dps_dve,dm3_plasmid_uas_dps_dve,HLYYMAFXX,GATCAG,/data/bigwig/reporter_triptolide_1h_dps_dve_rpb3_chipnexus_rep3_normalized_positive.bw,/data/bigwig/reporter_triptolide_1h_dps_dve_rpb3_chipnexus_rep3_normalized_negative.bw
reporter_dmso_1h_dps_act5c_upstream_dve_fusion_rpb3_chipnexus_rep3,chipnexus,dmso,act5c_upstream_dve,uas_dps_act5c_upstream_dve_fusion,dm3_plasmid_uas_dps_act5c_upstream_dve_fusion,HLYYMAFXX,TTAGGC,/data/bigwig/reporter_dmso_1h_dps_act5c_upstream_dve_fusion_rpb3_chipnexus_rep3_normalized_positive.bw,/data/bigwig/reporter_dmso_1h_dps_act5c_upstream_dve_fusion_rpb3_chipnexus_rep3_normalized_negative.bw
reporter_triptolide_1h_dps_act5c_upstream_dve_fusion_rpb3_chipnexus_rep3,chipnexus,triptolide,act5c_upstream_dve,uas_dps_act5c_upstream_dve_fusion,dm3_plasmid_uas_dps_act5c_upstream_dve_fusion,HLYYMAFXX,GGCTAC,/data/bigwig/reporter_triptolide_1h_dps_act5c_upstream_dve_fusion_rpb3_chipnexus_rep3_normalized_positive.bw,/data/bigwig/reporter_triptolide_1h_dps_act5c_upstream_dve_fusion_rpb3_chipnexus_rep3_normalized_negative.bw
reporter_dmso_1h_dps_act5c_dve_downstream_fusion_rpb3_chipnexus_rep3,chipnexus,dmso,act5c_dve_downstream,uas_dps_act5c_dve_downstream_fusion,dm3_plasmid_uas_dps_act5c_dve_downstream_fusion,HLYYMAFXX,TGACCA,/data/bigwig/reporter_dmso_1h_dps_act5c_dve_downstream_fusion_rpb3_chipnexus_rep3_normalized_positive.bw,/data/bigwig/reporter_dmso_1h_dps_act5c_dve_downstream_fusion_rpb3_chipnexus_rep3_normalized_negative.bw
reporter_triptolide_1h_dps_act5c_dve_downstream_fusion_rpb3_chipnexus_rep3,chipnexus,triptolide,act5c_dve_downstream,uas_dps_act5c_dve_downstream_fusion,dm3_plasmid_uas_dps_act5c_dve_downstream_fusion,HLYYMAFXX,CTTGTA,/data/bigwig/reporter_triptolide_1h_dps_act5c_dve_downstream_fusion_rpb3_chipnexus_rep3_normalized_positive.bw,/data/bigwig/reporter_triptolide_1h_dps_act5c_dve_downstream_fusion_rpb3_chipnexus_rep3_normalized_negative.bw
reporter_dmso_5m_dps_pepck_rpb3_chipnexus_rep1,chipnexus,dmso,pepck,uas_dps_pepck,dm3_plasmid_uas_dps_pepck,H5TJHAFXY,TTAGGC,/data/bigwig/reporter_dmso_5m_dps_pepck_rpb3_chipnexus_rep1_normalized_positive.bw,/data/bigwig/reporter_dmso_5m_dps_pepck_rpb3_chipnexus_rep1_normalized_negative.bw
reporter_triptolide_5m_dps_pepck_rpb3_chipnexus_rep1,chipnexus,triptolide,pepck,uas_dps_pepck,dm3_plasmid_uas_dps_pepck,H5TJHAFXY,ACTTGA,/data/bigwig/reporter_triptolide_5m_dps_pepck_rpb3_chipnexus_rep1_normalized_positive.bw,/data/bigwig/reporter_triptolide_5m_dps_pepck_rpb3_chipnexus_rep1_normalized_negative.bw
reporter_dmso_5m_dps_pepck_pk_downstream_rpb3_chipnexus_rep1,chipnexus,dmso,pepck_pk_downstream,uas_dps_pepck_pk_downstream_fusion,dm3_plasmid_uas_dps_pepck_pk_downstream_fusion,H5TJHAFXY,TGACCA,/data/bigwig/reporter_dmso_5m_dps_pepck_pk_downstream_rpb3_chipnexus_rep1_normalized_positive.bw,/data/bigwig/reporter_dmso_5m_dps_pepck_pk_downstream_rpb3_chipnexus_rep1_normalized_negative.bw
reporter_triptolide_5m_dps_pepck_pk_downstream_rpb3_chipnexus_rep1,chipnexus,triptolide,pepck_pk_downstream,uas_dps_pepck_pk_downstream_fusion,dm3_plasmid_uas_dps_pepck_pk_downstream_fusion,H5TJHAFXY,GATCAG,/data/bigwig/reporter_triptolide_5m_dps_pepck_pk_downstream_rpb3_chipnexus_rep1_normalized_positive.bw,/data/bigwig/reporter_triptolide_5m_dps_pepck_pk_downstream_rpb3_chipnexus_rep1_normalized_negative.bw
reporter_dmso_5m_dps_pepck_dve_downstream_rpb3_chipnexus_rep1,chipnexus,dmso,pepck_dve_downstream,uas_dps_pepck_dve_downstream_fusion,dm3_plasmid_uas_dps_pepck_dve_downstream_fusion,H5TJHAFXY,ACAGTG,/data/bigwig/reporter_dmso_5m_dps_pepck_dve_downstream_rpb3_chipnexus_rep1_normalized_positive.bw,/data/bigwig/reporter_dmso_5m_dps_pepck_dve_downstream_rpb3_chipnexus_rep1_normalized_negative.bw
reporter_triptolide_5m_dps_pepck_dve_downstream_rpb3_chipnexus_rep1,chipnexus,triptolide,pepck_dve_downstream,uas_dps_pepck_dve_downstream_fusion,dm3_plasmid_uas_dps_pepck_dve_downstream_fusion,H5TJHAFXY,TAGCTT,/data/bigwig/reporter_triptolide_5m_dps_pepck_dve_downstream_rpb3_chipnexus_rep1_normalized_positive.bw,/data/bigwig/reporter_triptolide_5m_dps_pepck_dve_downstream_rpb3_chipnexus_rep1_normalized_negative.bw
reporter_dmso_5m_dps_pepck_rpb3_chipnexus_rep2,chipnexus,dmso,pepck,uas_dps_pepck,dm3_plasmid_uas_dps_pepck,H5C52AFXY,ATCACG,/data/bigwig/reporter_dmso_5m_dps_pepck_rpb3_chipnexus_rep2_normalized_positive.bw,/data/bigwig/reporter_dmso_5m_dps_pepck_rpb3_chipnexus_rep2_normalized_negative.bw
reporter_triptolide_5m_dps_pepck_rpb3_chipnexus_rep2,chipnexus,triptolide,pepck,uas_dps_pepck,dm3_plasmid_uas_dps_pepck,H5C52AFXY,TGACCA,/data/bigwig/reporter_triptolide_5m_dps_pepck_rpb3_chipnexus_rep2_normalized_positive.bw,/data/bigwig/reporter_triptolide_5m_dps_pepck_rpb3_chipnexus_rep2_normalized_negative.bw
reporter_dmso_5m_dps_pepck_pk_downstream_rpb3_chipnexus_rep2,chipnexus,dmso,pepck_pk_downstream,uas_dps_pepck_pk_downstream_fusion,dm3_plasmid_uas_dps_pepck_pk_downstream_fusion,H5C52AFXY,CGATGT,/data/bigwig/reporter_dmso_5m_dps_pepck_pk_downstream_rpb3_chipnexus_rep2_normalized_positive.bw,/data/bigwig/reporter_dmso_5m_dps_pepck_pk_downstream_rpb3_chipnexus_rep2_normalized_negative.bw
reporter_triptolide_5m_dps_pepck_pk_downstream_rpb3_chipnexus_rep2,chipnexus,triptolide,pepck_pk_downstream,uas_dps_pepck_pk_downstream_fusion,dm3_plasmid_uas_dps_pepck_pk_downstream_fusion,H5C52AFXY,ACAGTG,/data/bigwig/reporter_triptolide_5m_dps_pepck_pk_downstream_rpb3_chipnexus_rep2_normalized_positive.bw,/data/bigwig/reporter_triptolide_5m_dps_pepck_pk_downstream_rpb3_chipnexus_rep2_normalized_negative.bw
reporter_dmso_5m_dps_pepck_dve_downstream_rpb3_chipnexus_rep2,chipnexus,dmso,pepck_dve_downstream,uas_dps_pepck_dve_downstream_fusion,dm3_plasmid_uas_dps_pepck_dve_downstream_fusion,H5C52AFXY,TTAGGC,/data/bigwig/reporter_dmso_5m_dps_pepck_dve_downstream_rpb3_chipnexus_rep2_normalized_positive.bw,/data/bigwig/reporter_dmso_5m_dps_pepck_dve_downstream_rpb3_chipnexus_rep2_normalized_negative.bw
reporter_triptolide_5m_dps_pepck_dve_downstream_rpb3_chipnexus_rep2,chipnexus,triptolide,pepck_dve_downstream,uas_dps_pepck_dve_downstream_fusion,dm3_plasmid_uas_dps_pepck_dve_downstream_fusion,H5C52AFXY,GCCAAT,/data/bigwig/reporter_triptolide_5m_dps_pepck_dve_downstream_rpb3_chipnexus_rep2_normalized_positive.bw,/data/bigwig/reporter_triptolide_5m_dps_pepck_dve_downstream_rpb3_chipnexus_rep2_normalized_negative.bw
reporter_dmso_1h_dps_dve_rpb3_chipnexus_rep4,chipnexus,dmso,dve,uas_dps_dve,dm3_plasmid_uas_dps_dve,HFC2GBGX2,GCCAAT,/data/bigwig/reporter_dmso_1h_dps_dve_rpb3_chipnexus_rep4_normalized_positive.bw,/data/bigwig/reporter_dmso_1h_dps_dve_rpb3_chipnexus_rep4_normalized_negative.bw
reporter_triptolide_1h_dps_dve_rpb3_chipnexus_rep4,chipnexus,triptolide,dve,uas_dps_dve,dm3_plasmid_uas_dps_dve,HFC2GBGX2,TAGCTT,/data/bigwig/reporter_triptolide_1h_dps_dve_rpb3_chipnexus_rep4_normalized_positive.bw,/data/bigwig/reporter_dmso_1h_dps_dve_rpb3_chipnexus_rep4_normalized_negative.bw
reporter_dmso_1h_dps_dve_tata_insertion_rpb3_chipnexus_rep1,chipnexus,dmso,dve,uas_dps_dve_tata_insertion_29bp,dm3_plasmid_uas_dps_dve_tata_insertion_29bp,HFC2GBGX2,ACTTGA,/data/bigwig/reporter_dmso_1h_dps_dve_tata_insertion_rpb3_chipnexus_rep1_normalized_positive.bw,/data/bigwig/reporter_dmso_1h_dps_dve_tata_insertion_rpb3_chipnexus_rep1_normalized_negative.bw
reporter_triptolide_1h_dps_dve_tata_insertion_rpb3_chipnexus_rep1,chipnexus,triptolide,dve,uas_dps_dve_tata_insertion_29bp,dm3_plasmid_uas_dps_dve_tata_insertion_29bp,HFC2GBGX2,CTTGTA,/data/bigwig/reporter_triptolide_1h_dps_dve_tata_insertion_rpb3_chipnexus_rep1_normalized_positive.bw,/data/bigwig/reporter_triptolide_1h_dps_dve_tata_insertion_rpb3_chipnexus_rep1_normalized_negative.bw
reporter_dmso_1h_dps_act5c_upstream_dve_fusion_rpb3_chipnexus_rep4,chipnexus,dmso,act5c_upstream_dve,uas_dps_act5c_upstream_dve_fusion,dm3_plasmid_uas_dps_act5c_upstream_dve_fusion,HFC2GBGX2,GATCAG,/data/bigwig/reporter_dmso_1h_dps_act5c_upstream_dve_fusion_rpb3_chipnexus_rep4_normalized_positive.bw,/data/bigwig/reporter_dmso_1h_dps_act5c_upstream_dve_fusion_rpb3_chipnexus_rep4_normalized_negative.bw
reporter_triptolide_1h_dps_act5c_upstream_dve_fusion_rpb3_chipnexus_rep4,chipnexus,triptolide,act5c_upstream_dve,uas_dps_act5c_upstream_dve_fusion,dm3_plasmid_uas_dps_act5c_upstream_dve_fusion,HFC2GBGX2,AGTCAA,/data/bigwig/reporter_triptolide_1h_dps_act5c_upstream_dve_fusion_rpb3_chipnexus_rep4_normalized_positive.bw,/data/bigwig/reporter_triptolide_1h_dps_act5c_upstream_dve_fusion_rpb3_chipnexus_rep4_normalized_negative.bw
reporter_dmso_1h_dps_dve_tata_insertion_rpb3_chipnexus_rep2,chipnexus,dmso,dve,uas_dps_dve_tata_insertion_29bp,dm3_plasmid_uas_dps_dve_tata_insertion_29bp,HLYYMAFXX,CGATGT,/data/bigwig/reporter_dmso_1h_dps_dve_tata_insertion_rpb3_chipnexus_rep2_normalized_positive.bw,/data/bigwig/reporter_dmso_1h_dps_dve_tata_insertion_rpb3_chipnexus_rep2_normalized_negative.bw
reporter_triptolide_1h_dps_dve_tata_insertion_rpb3_chipnexus_rep2,chipnexus,triptolide,dve,uas_dps_dve_tata_insertion_29bp,dm3_plasmid_uas_dps_dve_tata_insertion_29bp,HLYYMAFXX,TAGCTT,/data/bigwig/reporter_triptolide_1h_dps_dve_tata_insertion_rpb3_chipnexus_rep2_normalized_positive.bw,/data/bigwig/reporter_triptolide_1h_dps_dve_tata_insertion_rpb3_chipnexus_rep2_normalized_negative.bw
reporter_dmso_40m_dps_comm2_rpb3_chipnexus_rep1,chipnexus,dmso,comm2,uas_dps_comm2,dm3_plasmid_uas_dps_comm2,H5TJHAFXY,GGCTAC,/data/bigwig/reporter_dmso_40m_dps_comm2_rpb3_chipnexus_rep1_normalized_positive.bw,/data/bigwig/reporter_dmso_40m_dps_comm2_rpb3_chipnexus_rep1_normalized_negative.bw
reporter_triptolide_40m_dps_comm2_rpb3_chipnexus_rep1,chipnexus,triptolide,comm2,uas_dps_comm2,dm3_plasmid_uas_dps_comm2,H5TJHAFXY,ATGTCA,/data/bigwig/reporter_triptolide_40m_dps_comm2_rpb3_chipnexus_rep1_normalized_positive.bw,/data/bigwig/reporter_triptolide_40m_dps_comm2_rpb3_chipnexus_rep1_normalized_negative.bw
reporter_dmso_40m_dps_comm2_tata_insertion_rpb3_chipnexus_rep1,chipnexus,dmso,comm2,uas_dps_comm2_tata_insertion_29bp,dm3_plasmid_uas_dps_comm2_tata_insertion_29bp,H5TJHAFXY,AGTCAA,/data/bigwig/reporter_dmso_40m_dps_comm2_tata_insertion_rpb3_chipnexus_rep1_normalized_positive.bw,/data/bigwig/reporter_dmso_40m_dps_comm2_tata_insertion_rpb3_chipnexus_rep1_normalized_negative.bw
reporter_triptolide_40m_dps_comm2_tata_insertion_rpb3_chipnexus_rep1,chipnexus,triptolide,comm2,uas_dps_comm2_tata_insertion_29bp,dm3_plasmid_uas_dps_comm2_tata_insertion_29bp,H5TJHAFXY,GTCCGC,/data/bigwig/reporter_triptolide_40m_dps_comm2_tata_insertion_rpb3_chipnexus_rep1_normalized_positive.bw,/data/bigwig/reporter_triptolide_40m_dps_comm2_tata_insertion_rpb3_chipnexus_rep1_normalized_negative.bw
reporter_dmso_40m_dps_act5c_upstream_comm2_rpb3_chipnexus_rep1,chipnexus,dmso,act5c_upstream_comm2,uas_dps_act5c_upstream_comm2_fusion,dm3_plasmid_uas_dps_act5c_upstream_comm2_fusion,H5TJHAFXY,AGTTCC,/data/bigwig/reporter_dmso_40m_dps_act5c_upstream_comm2_rpb3_chipnexus_rep1_normalized_positive.bw,/data/bigwig/reporter_dmso_40m_dps_act5c_upstream_comm2_rpb3_chipnexus_rep1_normalized_negative.bw
reporter_triptolide_40m_dps_act5c_upstream_comm2_rpb3_chipnexus_rep1,chipnexus,triptolide,act5c_upstream_comm2,uas_dps_act5c_upstream_comm2_fusion,dm3_plasmid_uas_dps_act5c_upstream_comm2_fusion,H5TJHAFXY,GTGAAA,/data/bigwig/reporter_triptolide_40m_dps_act5c_upstream_comm2_rpb3_chipnexus_rep1_normalized_positive.bw,/data/bigwig/reporter_triptolide_40m_dps_act5c_upstream_comm2_rpb3_chipnexus_rep1_normalized_negative.bw
reporter_dmso_40m_dps_comm2_rpb3_chipnexus_rep2,chipnexus,dmso,comm2,uas_dps_comm2,dm3_plasmid_uas_dps_comm2,HJLF5AFXX,CAGATC,/data/bigwig/reporter_dmso_40m_dps_comm2_rpb3_chipnexus_rep2_normalized_positive.bw,/data/bigwig/reporter_dmso_40m_dps_comm2_rpb3_chipnexus_rep2_normalized_negative.bw
reporter_triptolide_40m_dps_comm2_rpb3_chipnexus_rep2,chipnexus,triptolide,comm2,uas_dps_comm2,dm3_plasmid_uas_dps_comm2,HJLF5AFXX,TAGCTT,/data/bigwig/reporter_triptolide_40m_dps_comm2_rpb3_chipnexus_rep2_normalized_positive.bw,/data/bigwig/reporter_triptolide_40m_dps_comm2_rpb3_chipnexus_rep2_normalized_negative.bw
reporter_dmso_40m_dps_comm2_tata_insertion_rpb3_chipnexus_rep2,chipnexus,dmso,comm2,uas_dps_comm2_tata_insertion_29bp,dm3_plasmid_uas_dps_comm2_tata_insertion_29bp,HJLF5AFXX,ACTTGA,/data/bigwig/reporter_dmso_40m_dps_comm2_tata_insertion_rpb3_chipnexus_rep2_normalized_positive.bw,/data/bigwig/reporter_dmso_40m_dps_comm2_tata_insertion_rpb3_chipnexus_rep2_normalized_negative.bw
reporter_triptolide_40m_dps_comm2_tata_insertion_rpb3_chipnexus_rep2,chipnexus,triptolide,comm2,uas_dps_comm2_tata_insertion_29bp,dm3_plasmid_uas_dps_comm2_tata_insertion_29bp,HJLF5AFXX,GGCTAC,/data/bigwig/reporter_triptolide_40m_dps_comm2_tata_insertion_rpb3_chipnexus_rep2_normalized_positive.bw,/data/bigwig/reporter_triptolide_40m_dps_comm2_tata_insertion_rpb3_chipnexus_rep2_normalized_negative.bw
reporter_dmso_40m_dps_comm2_rpb3_chipnexus_rep3,chipnexus,dmso,comm2,uas_dps_comm2,dm3_plasmid_uas_dps_comm2,H53LMAFXY,CAGATC,/data/bigwig/reporter_dmso_40m_dps_comm2_rpb3_chipnexus_rep3_normalized_positive.bw,/data/bigwig/reporter_dmso_40m_dps_comm2_rpb3_chipnexus_rep3_normalized_negative.bw
reporter_triptolide_40m_dps_comm2_rpb3_chipnexus_rep3,chipnexus,triptolide,comm2,uas_dps_comm2,dm3_plasmid_uas_dps_comm2,H53LMAFXY,TAGCTT,/data/bigwig/reporter_triptolide_40m_dps_comm2_rpb3_chipnexus_rep3_normalized_positive.bw,/data/bigwig/reporter_triptolide_40m_dps_comm2_rpb3_chipnexus_rep3_normalized_negative.bw
reporter_dmso_40m_dps_act5c_upstream_comm2_rpb3_chipnexus_rep3,chipnexus,dmso,act5c_upstream_comm2,uas_dps_act5c_upstream_comm2_fusion,dm3_plasmid_uas_dps_act5c_upstream_comm2_fusion,H53LMAFXY,GATCAG,/data/bigwig/reporter_dmso_40m_dps_act5c_upstream_comm2_rpb3_chipnexus_rep3_normalized_positive.bw,/data/bigwig/reporter_dmso_40m_dps_act5c_upstream_comm2_rpb3_chipnexus_rep3_normalized_negative.bw
reporter_triptolide_40m_dps_act5c_upstream_comm2_rpb3_chipnexus_rep3,chipnexus,triptolide,act5c_upstream_comm2,uas_dps_act5c_upstream_comm2_fusion,dm3_plasmid_uas_dps_act5c_upstream_comm2_fusion,H53LMAFXY,CTTGTA,/data/bigwig/reporter_triptolide_40m_dps_act5c_upstream_comm2_rpb3_chipnexus_rep3_normalized_positive.bw,/data/bigwig/reporter_triptolide_40m_dps_act5c_upstream_comm2_rpb3_chipnexus_rep3_normalized_negative.bw
reporter_dmso_1h_dps_pk_rpb3_chipnexus_rep4,chipnexus,dmso,pk,uas_dps_pk,dm3_plasmid_uas_dps_pk,H53LMAFXY,ATCACG,/data/bigwig/reporter_dmso_1h_dps_pk_rpb3_chipnexus_rep4_normalized_positive.bw,/data/bigwig/reporter_dmso_1h_dps_pk_rpb3_chipnexus_rep4_normalized_negative.bw
reporter_triptolide_1h_dps_pk_rpb3_chipnexus_rep4,chipnexus,triptolide,pk,uas_dps_pk,dm3_plasmid_uas_dps_pk,H53LMAFXY,TGACCA,/data/bigwig/reporter_triptolide_1h_dps_pk_rpb3_chipnexus_rep4_normalized_positive.bw,/data/bigwig/reporter_triptolide_1h_dps_pk_rpb3_chipnexus_rep4_normalized_negative.bw
reporter_dmso_1h_dps_pk_inr_g_to_t_rpb3_chipnexus_rep1,chipnexus,dmso,pk,uas_dps_pk_inr_g_to_t,dm3_plasmid_uas_dps_pk_inr_g_to_t,H53LMAFXY,TTAGGC,/data/bigwig/reporter_dmso_1h_dps_pk_inr_g_to_t_rpb3_chipnexus_rep1_normalized_positive.bw,/data/bigwig/reporter_dmso_1h_dps_pk_inr_g_to_t_rpb3_chipnexus_rep1_normalized_negative.bw
reporter_triptolide_1h_dps_pk_inr_g_to_t_rpb3_chipnexus_rep1,chipnexus,triptolide,pk,uas_dps_pk_inr_g_to_t,dm3_plasmid_uas_dps_pk_inr_g_to_t,H53LMAFXY,GCCAAT,/data/bigwig/reporter_triptolide_1h_dps_pk_inr_g_to_t_rpb3_chipnexus_rep1_normalized_positive.bw,/data/bigwig/reporter_triptolide_1h_dps_pk_inr_g_to_t_rpb3_chipnexus_rep1_normalized_negative.bw
reporter_dmso_1h_dps_pk_inr_g_to_a_rpb3_chipnexus_rep1,chipnexus,dmso,pk,uas_dps_pk_inr_g_to_a,dm3_plasmid_uas_dps_pk_inr_g_to_a,H53LMAFXY,CGATGT,/data/bigwig/reporter_dmso_1h_dps_pk_inr_g_to_a_rpb3_chipnexus_rep1_normalized_positive.bw,/data/bigwig/reporter_dmso_1h_dps_pk_inr_g_to_a_rpb3_chipnexus_rep1_normalized_negative.bw
reporter_triptolide_1h_dps_pk_inr_g_to_a_rpb3_chipnexus_rep1,chipnexus,triptolide,pk,uas_dps_pk_inr_g_to_a,dm3_plasmid_uas_dps_pk_inr_g_to_a,H53LMAFXY,ACAGTG,/data/bigwig/reporter_triptolide_1h_dps_pk_inr_g_to_a_rpb3_chipnexus_rep1_normalized_positive.bw,/data/bigwig/reporter_triptolide_1h_dps_pk_inr_g_to_a_rpb3_chipnexus_rep1_normalized_negative.bw
reporter_dmso_1h_dps_pk_rpb3_chipnexus_rep5,chipnexus,dmso,pk,uas_dps_pk,dm3_plasmid_uas_dps_pk,H7FNJAFXY,ATCACG,/data/bigwig/reporter_dmso_1h_dps_pk_rpb3_chipnexus_rep5_normalized_positive.bw,/data/bigwig/reporter_dmso_1h_dps_pk_rpb3_chipnexus_rep5_normalized_negative.bw
reporter_triptolide_1h_dps_pk_rpb3_chipnexus_rep5,chipnexus,triptolide,pk,uas_dps_pk,dm3_plasmid_uas_dps_pk,H7FNJAFXY,TGACCA,/data/bigwig/reporter_triptolide_1h_dps_pk_rpb3_chipnexus_rep5_normalized_positive.bw,/data/bigwig/reporter_triptolide_1h_dps_pk_rpb3_chipnexus_rep5_normalized_negative.bw
reporter_dmso_1h_dps_pk_inr_g_to_t_rpb3_chipnexus_rep2,chipnexus,dmso,pk,uas_dps_pk_inr_g_to_t,dm3_plasmid_uas_dps_pk_inr_g_to_t,H7FNJAFXY,TTAGGC,/data/bigwig/reporter_dmso_1h_dps_pk_inr_g_to_t_rpb3_chipnexus_rep2_normalized_positive.bw,/data/bigwig/reporter_dmso_1h_dps_pk_inr_g_to_t_rpb3_chipnexus_rep2_normalized_negative.bw
reporter_triptolide_1h_dps_pk_inr_g_to_t_rpb3_chipnexus_rep2,chipnexus,triptolide,pk,uas_dps_pk_inr_g_to_t,dm3_plasmid_uas_dps_pk_inr_g_to_t,H7FNJAFXY,GCCAAT,/data/bigwig/reporter_triptolide_1h_dps_pk_inr_g_to_t_rpb3_chipnexus_rep2_normalized_positive.bw,/data/bigwig/reporter_triptolide_1h_dps_pk_inr_g_to_t_rpb3_chipnexus_rep2_normalized_negative.bw
reporter_dmso_30m_scp_rpb3_chipnexus_rep1,chipnexus,dmso,scp,uas_scp,dm3_plasmid_uas_scp,H5VKFAFXY,ATCACG,/data/bigwig/reporter_dmso_30m_scp_rpb3_chipnexus_rep1_normalized_positive.bw,/data/bigwig/reporter_dmso_30m_scp_rpb3_chipnexus_rep1_normalized_negative.bw
reporter_triptolide_30m_scp_rpb3_chipnexus_rep1,chipnexus,triptolide,scp,uas_scp,dm3_plasmid_uas_scp,H5VKFAFXY,GCCAAT,/data/bigwig/reporter_triptolide_30m_scp_rpb3_chipnexus_rep1_normalized_positive.bw,/data/bigwig/reporter_triptolide_30m_scp_rpb3_chipnexus_rep1_normalized_negative.bw
reporter_dmso_30m_scp_inr_g_to_t_rpb3_chipnexus_rep1,chipnexus,dmso,scp,uas_scp_inr_g_to_t,dm3_plasmid_uas_scp_inr_g_to_t,H5VKFAFXY,TGACCA,/data/bigwig/reporter_dmso_30m_scp_inr_g_to_t_rpb3_chipnexus_rep1_normalized_positive.bw,/data/bigwig/reporter_dmso_30m_scp_inr_g_to_t_rpb3_chipnexus_rep1_normalized_negative.bw
reporter_triptolide_30m_scp_inr_g_to_t_rpb3_chipnexus_rep1,chipnexus,triptolide,scp,uas_scp_inr_g_to_t,dm3_plasmid_uas_scp_inr_g_to_t,H5VKFAFXY,GATCAG,/data/bigwig/reporter_triptolide_30m_scp_inr_g_to_t_rpb3_chipnexus_rep1_normalized_positive.bw,/data/bigwig/reporter_triptolide_30m_scp_inr_g_to_t_rpb3_chipnexus_rep1_normalized_negative.bw
reporter_dmso_30m_scp_rpb3_chipnexus_rep2,chipnexus,dmso,scp,uas_scp,dm3_plasmid_uas_scp,H53LMAFXY,ATGTCA,/data/bigwig/reporter_dmso_30m_scp_rpb3_chipnexus_rep2_normalized_positive.bw,/data/bigwig/reporter_dmso_30m_scp_rpb3_chipnexus_rep2_normalized_negative.bw
reporter_triptolide_30m_scp_rpb3_chipnexus_rep2,chipnexus,triptolide,scp,uas_scp,dm3_plasmid_uas_scp,H53LMAFXY,GTCCGC,/data/bigwig/reporter_triptolide_30m_scp_rpb3_chipnexus_rep2_normalized_positive.bw,/data/bigwig/reporter_triptolide_30m_scp_rpb3_chipnexus_rep2_normalized_negative.bw
reporter_dmso_30m_scp_inr_g_to_t_rpb3_chipnexus_rep2,chipnexus,dmso,scp,uas_scp_inr_g_to_t,dm3_plasmid_uas_scp_inr_g_to_t,H53LMAFXY,CCGTCC,/data/bigwig/reporter_dmso_30m_scp_inr_g_to_t_rpb3_chipnexus_rep2_normalized_positive.bw,/data/bigwig/reporter_dmso_30m_scp_inr_g_to_t_rpb3_chipnexus_rep2_normalized_negative.bw
reporter_triptolide_30m_scp_inr_g_to_t_rpb3_chipnexus_rep2,chipnexus,dmso,scp,uas_scp_inr_g_to_t,dm3_plasmid_uas_scp_inr_g_to_t,H53LMAFXY,GTGAAA,/data/bigwig/reporter_triptolide_30m_scp_inr_g_to_t_rpb3_chipnexus_rep2_normalized_positive.bw,/data/bigwig/reporter_triptolide_30m_scp_inr_g_to_t_rpb3_chipnexus_rep2_normalized_negative.bw
reporter_dps_rpl13a_rpb3_chipnexus_rep1,chipnexus,None,rpl13a,uas_dps_rpl13a,dm3_plasmid_uas_dps_rpl13a,HGTJVAFXX,GCCAAT,/data/bigwig/reporter_dps_rpl13a_rpb3_chipnexus_rep1_normalized_positive.bw,/data/bigwig/reporter_dps_rpl13a_rpb3_chipnexus_rep1_normalized_negative.bw
reporter_dps_rpl13a_2kb_rpb3_chipnexus_rep1,chipnexus,None,rpl13a,uas_dps_rpl13a_2kb,dm3_plasmid_uas_dps_rpl13a_2kb,HGTJVAFXX,ACTTGA,/data/bigwig/reporter_dps_rpl13a_2kb_rpb3_chipnexus_rep1_normalized_positive.bw,/data/bigwig/reporter_dps_rpl13a_2kb_rpb3_chipnexus_rep1_normalized_negative.bw
reporter_dps_act5c_rpb3_chipnexus_rep1,chipnexus,None,act5c,uas_dps_act5c,dm3_plasmid_uas_dps_act5c,HGNHHAFXX,GATCAG,/data/bigwig/reporter_dps_act5c_rpb3_chipnexus_rep1_normalized_positive.bw,/data/bigwig/reporter_dps_act5c_rpb3_chipnexus_rep1_normalized_negative.bw
reporter_dps_act5c_2kb_rpb3_chipnexus_rep1,chipnexus,None,act5c,uas_dps_act5c_2kb,dm3_plasmid_uas_dps_act5c_2kb,HGNHHAFXX,TAGCTT,/data/bigwig/reporter_dps_act5c_2kb_rpb3_chipnexus_rep1_normalized_positive.bw,/data/bigwig/reporter_dps_act5c_2kb_rpb3_chipnexus_rep1_normalized_negative.bw
reporter_dps_rpl13a_wce_rep1,chipseq,None,rpl13a,uas_dps_rpl13a,dm3_plasmid_uas_dps_rpl13a,HGLJTAFXX,GTTTCG,/data/bigwig/reporter_dps_rpl13a_wce_rep1_normalized.bw,
reporter_dps_rpl13a_h3k4me3_chipseq_rep1,chipseq,None,rpl13a,uas_dps_rpl13a,dm3_plasmid_uas_dps_rpl13a,HGLJTAFXX,GTGGCC,/data/bigwig/reporter_dps_rpl13a_h3k4me3_chipseq_rep1_normalized.bw,
reporter_dps_rpl13a_2kb_wce_rep1,chipseq,None,rpl13a,uas_dps_rpl13a_2kb,dm3_plasmid_uas_dps_rpl13a_2kb,HGLJTAFXX,GAGTGG,/data/bigwig/reporter_dps_rpl13a_2kb_wce_rep1_normalized.bw,
reporter_dps_rpl13a_2kb_h3k4me3_chipseq_rep1,chipseq,None,rpl13a,uas_dps_rpl13a_2kb,dm3_plasmid_uas_dps_rpl13a_2kb,HGLJTAFXX,CGTACG,/data/bigwig/reporter_dps_rpl13a_2kb_h3k4me3_chipseq_rep1_normalized.bw,
reporter_dps_act5c_wce_rep1,chipseq,None,act5c,uas_dps_act5c,dm3_plasmid_uas_dps_act5c,HHGVHAFXX,CGTACG,/data/bigwig/reporter_dps_act5c_wce_rep1_normalized.bw,
reporter_dps_act5c_h3k4me3_chipseq_rep1,chipseq,None,act5c,uas_dps_act5c,dm3_plasmid_uas_dps_act5c,HHH7FAFXX,ATGTCA,/data/bigwig/reporter_dps_act5c_h3k4me3_chipseq_rep1_normalized.bw,
reporter_dps_act5c_2kb_wce_rep1,chipseq,None,act5c,uas_dps_act5c_2kb,dm3_plasmid_uas_dps_act5c_2kb,HHGVHAFXX,ACTGAT,/data/bigwig/reporter_dps_act5c_2kb_wce_rep1_normalized.bw,
reporter_dps_act5c_2kb_h3k4me3_chipseq_rep1,chipseq,None,act5c,uas_dps_act5c_2kb,dm3_plasmid_uas_dps_act5c_2kb,HHH7FAFXX,CCGTCC,/data/bigwig/reporter_dps_act5c_2kb_h3k4me3_chipseq_rep1_normalized.bw,
genome_dps_h3k4me3_chipseq,chipseq,None,endogeneous,dp3,dp3,HFC2GBGX2,TTAGGC,/data/bigwig/genome_dps_h3k4me3_chipseq_normalized.bw,
genome_dps_wce,chipseq,None,endogeneous,dp3,dp3,HFC2GBGX2,ACAGTG,/data/bigwig/genome_dps_wce_normalized.bw,